target_node,rank,source_node,edge_weight,direction
us_Trade Weighted Dollar Index,1,us_ret,0.0146,us_ret -> us_Trade Weighted Dollar Index (source -> target)
us_Trade Weighted Dollar Index,2,kr_ret_lag1,0.0098,kr_ret_lag1 -> us_Trade Weighted Dollar Index (source -> target)
us_Trade Weighted Dollar Index,3,corr_kr_jp,0.0035,corr_kr_jp -> us_Trade Weighted Dollar Index (source -> target)
us_Trade Weighted Dollar Index,4,corr_us_kr,0.0031,corr_us_kr -> us_Trade Weighted Dollar Index (source -> target)
us_Trade Weighted Dollar Index,5,JP_Employment,0.0027,JP_Employment -> us_Trade Weighted Dollar Index (source -> target)
kr_fx,1,kr_ret,0.0136,kr_ret -> kr_fx (source -> target)
kr_fx,2,kr_us_spread,0.0128,kr_us_spread -> kr_fx (source -> target)
kr_fx,3,us_ret,0.01,us_ret -> kr_fx (source -> target)
kr_fx,4,kr_jp_spread,0.0085,kr_jp_spread -> kr_fx (source -> target)
kr_fx,5,US_Unemployment,0.0082,US_Unemployment -> kr_fx (source -> target)
jp_fx,1,jp_ret,0.0052,jp_ret -> jp_fx (source -> target)
jp_fx,2,kr_us_spread,0.0038,kr_us_spread -> jp_fx (source -> target)
jp_fx,3,corr_us_kr,0.0034,corr_us_kr -> jp_fx (source -> target)
jp_fx,4,KR_Unemployment,0.003,KR_Unemployment -> jp_fx (source -> target)
jp_fx,5,jp_us_spread,0.0027,jp_us_spread -> jp_fx (source -> target)
