,us_Trade Weighted Dollar Index,kr_fx,jp_fx,us_ret,kr_ret,jp_ret,kr_us_spread,jp_us_spread,kr_jp_spread,corr_us_kr,corr_us_jp,corr_kr_jp,us_ret_lag1,kr_ret_lag1,jp_ret_lag1,US_Interest_Rate,KR_Interest_Rate,JP_Interest_Rate,US_GDP,KR_GDP,JP_GDP,US_CPI,KR_CPI,JP_CPI,US_Employment,KR_Employment,JP_Employment,US_Unemployment,KR_Unemployment,JP_Unemployment,US_Trade_Balance,KR_Trade_Balance,JP_Trade_Balance
us_Trade Weighted Dollar Index,0.0,0.0,0.0,0.014557722,0.0,0.0,0.00028743988,0.0,0.0026762383,0.003122203,0.0015652284,0.0035462365,0.0,0.009755158,0.0,0.0,0.0,0.0,0.0,0.0003000278,0.0,0.0,0.0,0.0,0.0,0.0007967994,0.002719942,0.0023045123,0.0010565158,0.0006660398,0.00056638295,0.0011037461,0.0
kr_fx,0.0032183663,0.0,0.0037297476,0.010006871,0.013551046,0.0011294698,0.012799227,0.0032089064,0.0085292235,0.0,0.0031718963,0.007691815,0.0,0.006117341,0.0025205947,0.00043956627,0.0,0.0,0.0047280765,0.0,0.0,0.0,0.0,0.0,0.0009257936,0.0057520755,0.0,0.0082060825,0.0,0.0,0.0016295349,0.0,0.0072266054
jp_fx,0.00043066003,0.0,0.0,0.0004744766,0.0,0.0051599853,0.0038198195,0.0026670718,0.0022494209,0.0034195522,0.0,0.0,0.00026928468,0.0,0.00089357083,0.0,3.5255216e-06,0.0021599839,0.0018809328,0.0,1.5704614e-05,1.6271324e-05,0.0,0.0018706684,0.0,0.0,0.00043529298,0.0,0.003003512,0.00014459131,0.0015223833,0.0026017553,0.0
us_ret,0.0,0.0,0.0,0.0,0.0022633527,0.0,0.0,0.0004047561,0.0034609907,0.0012326695,0.0014148469,0.0019228745,0.0,0.0,0.0008216458,0.0006220172,0.0,0.0,0.0,0.0,0.0,0.0019366425,0.00061308965,0.0,0.0,0.0,0.0,0.00355532,0.0,0.0,0.003069812,0.0028168538,6.1341845e-05
kr_ret,0.0025364077,0.0,0.003919515,0.0,0.0,0.0,0.0,0.0,0.0031777015,0.0024610576,0.0,0.0,0.0,0.0,0.0032744969,0.0,0.0,0.0,0.002335638,0.0,0.0,0.0025487426,0.0028799023,0.0,0.0,0.0010898921,0.0027626746,0.0,0.0018928014,0.0,0.002286725,0.0,0.0
jp_ret,0.00062693085,0.0,0.0,0.0021194618,0.000939824,0.0,0.0028488603,0.0,0.0017772269,0.0,0.0,0.0015328216,0.0,0.002225003,0.0,0.0,0.0,0.0,0.0011983284,0.0,0.00016780084,0.0,0.0,0.0,0.0,0.00263539,0.0,0.0008181154,0.0,0.0,0.0,0.0,0.000763159
kr_us_spread,0.0,0.0,0.0,0.0011046495,0.0029191687,0.0,0.0,0.0005909044,0.004945953,0.0,0.0,0.0,0.0,0.0,0.0,0.0,0.0,0.0,0.0,0.0,0.0,0.0011778732,0.0023636606,0.0,0.0,0.0016244192,0.0,0.0011425016,0.0,0.0,9.89893e-05,0.0040657907,0.0
jp_us_spread,7.680059e-06,0.0,0.0,0.0,0.003437336,0.0007265201,0.0,0.0,0.0020244063,0.0,0.0,0.0,0.0,0.0,0.0010335846,0.0,0.0,0.0,0.0,0.0010873276,0.00010318346,0.0009717684,0.0,0.0,0.0,0.0,0.0,0.0,0.0023452374,0.0,0.0,0.0042135776,0.0
kr_jp_spread,0.0,0.0,0.0,0.0,0.0,0.0,0.0,0.0,0.0,0.0,0.0,0.0,0.0,0.0,0.0,0.0,0.0,0.0,0.0,0.0022775389,0.00038931824,0.003645165,0.0014887572,0.0,0.0,0.0,0.0,0.0,0.0024630656,0.0,0.0003522011,0.005536936,0.0
corr_us_kr,0.0,0.001431185,0.0,0.0,0.0,0.0011247608,0.0007670756,0.003631961,0.0020512834,0.0,0.0018296113,0.0,0.00046524897,0.0,0.0,0.0,0.0008740287,0.001331731,0.0,0.0011054005,0.0011971451,0.00077275146,0.0010109945,0.003901239,0.0,0.0023940753,0.0,0.0,3.0306157e-05,0.0016523788,0.00024139865,0.0032705448,0.0
corr_us_jp,0.0,0.0,2.8368273e-05,0.0,0.00069114374,0.0009423947,0.00029638564,0.00026060554,0.0009140779,0.0,0.0,0.0025732797,0.0,0.00034445323,0.0006089424,0.0,0.0,0.0,0.0,0.0,0.0,5.475618e-06,0.0,0.0,0.0,0.0013062262,0.0,0.0,0.0,0.0,0.00039172923,0.0,0.0021201475
corr_kr_jp,0.0,0.0,5.05239e-06,0.0,0.00042663814,0.0,0.0008341514,0.0015311465,0.004270432,0.0010444114,0.0,0.0,0.0,0.0,0.0,0.0015309227,0.0,6.545168e-05,0.0,0.00064904196,0.0,0.0026208716,0.0051462436,0.0,0.0,0.0019031938,0.0,0.0,0.0,0.0,0.0010104692,0.00021272204,0.0005378421
us_ret_lag1,0.0057246187,0.0039239842,0.0,0.007182903,0.0063204328,0.003330856,0.005004765,0.00078329165,0.0017596694,0.0,0.002933261,0.0014571308,0.0,0.0004306873,0.0007114295,6.6933244e-05,0.0,0.0,0.0028892548,0.0,0.0,0.0,0.0,0.00013916726,0.0010514506,0.0013008049,0.0,0.0018979668,0.0,0.0012174201,0.0,0.0016232546,0.0
kr_ret_lag1,0.0,0.0,0.0032637182,0.0031520645,0.0034914766,0.0,0.00066511036,0.001171591,0.003172326,0.0042507295,0.0,0.0023726241,0.0,0.0,6.5829736e-05,0.0028443239,0.0,0.0,0.0,0.0,0.0,0.0015863291,0.0020593684,0.00169597,0.0,7.131938e-05,0.0016057906,0.0023414302,0.0,0.00040382825,0.0019161038,0.004135085,0.0
jp_ret_lag1,0.000629024,0.0,0.0,0.0,0.0,0.0007625916,0.0007115737,0.0,0.0005999449,0.00044001036,0.0,0.00040168263,0.0,0.0,0.0,0.0,0.0,0.0,0.0016355633,0.0,0.0,0.00030781777,0.0,0.0,0.0005411084,0.0018463393,0.0,0.0,0.0,0.0,0.0,0.0012907374,0.0
US_Interest_Rate,1.3328157e-05,0.0,4.412376e-05,0.0,0.00055653235,0.00092126825,0.0018736781,0.0012850184,0.0026468202,0.0007033716,0.00049309776,0.0,0.0,0.0,0.0013533714,0.0,0.0007185853,0.002548842,0.0015278702,0.0,2.1206215e-07,0.0020394009,0.0018083856,0.00010116119,0.0,0.0,0.0,0.0,0.0003366835,0.0012624325,0.000111942274,0.0005492397,0.0012475506
KR_Interest_Rate,0.0014766095,0.0044009215,0.0,0.0027609891,0.0038899167,0.0010984333,0.008228935,0.004148021,0.004799111,0.0,0.0017351574,0.001060213,0.0036814725,0.004660131,0.00025294122,0.0,0.0,0.0015455869,0.0036898558,0.0,0.0009778821,0.003254876,0.0031010946,0.0,0.003400985,0.0045898245,0.0016079539,0.0044412967,0.0,0.0,0.0020122752,0.0,0.005823432
JP_Interest_Rate,0.007754925,0.007976764,0.0,0.003866309,0.00046471338,0.0025868213,0.005994298,0.0019323456,0.0010051108,0.0,0.0020497057,0.0,0.0037756085,0.0024200003,0.00019036443,0.0,0.0,0.0,0.0030796633,0.0,0.0037197883,0.0016304408,0.0004548156,0.00019380597,0.0016002025,0.004832155,0.0,3.4217024e-05,0.002259597,0.0028377355,0.0,0.0029055176,0.0004940998
US_GDP,0.0019561457,0.0,0.0,0.006719606,0.0,0.0,0.007434013,0.00012236927,0.0070657907,0.0010769214,0.00025118832,0.0040861713,0.0,0.0019419712,0.0,0.0,0.0,0.0,0.0,0.0,0.0,5.727308e-05,0.0027979277,0.0,0.0,0.006595178,0.00028460435,0.0020590147,0.0,0.0,0.0026516358,0.0031675836,0.0
KR_GDP,0.0,0.008574596,6.512087e-06,0.0009855297,0.002875512,0.0023038117,0.0010648351,0.0,0.0,0.0,0.0019835313,0.0,0.003102206,0.002206347,0.0005094189,0.00042408757,0.0018726286,5.3849537e-05,0.0027360537,0.0,0.001505775,0.0013537513,0.0,0.0,0.004690148,0.00087332906,0.001942104,0.002894153,0.0,0.0025830832,0.00081393635,0.0,0.0036587233
JP_GDP,0.00095002196,0.004688659,0.0,0.002802897,0.003198254,0.0,0.0019971628,0.0,0.0,0.0,0.0009752461,0.0018617779,0.00084348716,0.0009366802,0.00072903576,0.0,0.0,0.0,0.0035025468,0.0,0.0,0.0,0.0,0.00025442633,0.0014844085,0.0023552158,0.0,0.000649528,0.0,0.002105554,0.0,0.0,0.0006248053
US_CPI,0.000100948615,0.0001876282,0.0,0.0,0.0,0.0016719097,0.0,0.0,0.0,0.0,0.0,0.0,0.0014248146,0.0,0.0,0.0,0.0,0.0,0.0,0.0,0.0021338882,0.0,0.0,0.0002317479,0.000533767,0.0,0.0,0.0,0.0011541331,0.00086052675,0.0,0.0020159965,0.0
KR_CPI,3.7135276e-05,5.624574e-05,0.00060407026,0.0,0.0,0.0014180341,0.0,0.00079077133,0.0,0.0,5.2876712e-05,0.0,0.00079687836,0.0,0.0010248958,0.0,0.0,0.0,0.0,0.001933051,0.0011648791,0.0027987352,0.0,0.00041529626,0.0,0.0,0.0,0.0,0.0030156209,0.0032086931,0.0012631892,0.0009004969,0.0
JP_CPI,0.00039059052,0.004115959,0.0,0.00041724212,0.003801554,0.0011241223,0.0007959734,0.0012033379,0.000846778,0.0,0.0029407388,0.0014364969,0.0,0.0,0.0029054703,0.0,0.0015091422,0.0,0.0015779522,0.0010930424,0.0,0.0,0.0,0.0,0.0,0.0019198428,0.0,0.0,2.0848936e-05,0.002953773,0.0,0.0009772957,0.0009828786
US_Employment,0.0016268465,0.0,0.0019852486,0.0078115696,0.0026195184,0.0005291175,0.010266896,0.0034907237,0.0072301864,0.0014953241,0.0006978985,0.0072132973,0.0,0.0062394524,0.0,0.0013400059,0.0,0.0,0.005765333,0.0,0.0,0.0,0.00018993877,0.001578329,0.0,0.0046040793,0.0021417139,0.005223486,0.0,0.0,0.0020576227,0.0,0.0025669849
KR_Employment,0.0,0.0,0.00042404205,9.004455e-05,0.0,0.0,0.0,0.0017166376,0.0011904871,0.0,0.0,0.0,0.0,0.0,0.0,0.00042639754,0.0,0.0,0.0,0.0,0.0,0.00059979013,0.001208184,0.0,0.0,0.0,0.0,0.0,0.0,0.0,0.0,0.0,0.0
JP_Employment,0.0,0.002438964,0.0,0.0015559044,0.0,0.002297465,0.006002853,0.0025357744,0.0028122463,0.0026422173,0.001976679,0.00021836991,0.0019199154,0.0,0.0010003176,0.0015902346,0.0,0.0030306317,0.0,0.0,0.0017212003,0.0020216366,0.0009497905,0.0017337329,0.0,0.0027784943,0.0,0.0,0.0,0.0024622637,0.0,0.0024796755,0.0015698713
US_Unemployment,0.0,0.0,1.3150088e-05,0.0,0.0043879002,0.0,0.0,0.0017660469,0.0033750709,7.952489e-05,0.00010143668,0.00029197504,0.0,0.0,0.0019496573,0.0011693874,0.0,0.0,0.0,0.0,0.0,0.0015095032,0.0018263607,0.0005427381,0.0,0.0019203754,0.0007395875,0.0,0.0,0.0,0.0014090267,0.0,0.0
KR_Unemployment,0.0,0.007867588,0.0,0.00666768,0.0,0.0040697223,0.00033150928,0.0,0.0,0.0,0.0017866783,0.0008367967,0.00075571134,0.0029795908,0.00024325923,0.0,0.0009193921,0.0,0.00029145382,0.0006170061,0.003837706,0.0,0.0,0.0,0.00309075,0.0031758351,0.0017461735,0.00023763475,0.0,0.0042958804,0.0,0.0,0.00015025306
JP_Unemployment,0.0,0.0046544815,0.0,0.0009348915,0.003095669,0.0031353096,0.0038722516,0.0013306875,0.0008282922,0.0,0.0035970742,0.00083977677,0.0,0.0,0.0021982845,0.0,0.0029587513,0.0,0.0052393195,0.0,0.0,0.0,0.0,0.0,0.0035882706,0.0016279706,0.0,0.0018498985,0.0,0.0,0.0,0.0,0.0035096505
US_Trade_Balance,0.0,0.0,0.0,0.0,0.0,0.0022277604,0.0,0.0002247088,0.0,0.0,0.0,0.0,0.000807483,0.0,0.00024024866,0.0,0.0,0.0014818449,0.0,0.0,0.0017753193,0.0017457335,0.0,0.0008789261,0.0,0.00024394887,0.00023740638,0.0,0.003068511,0.0012598649,0.0,0.0020074244,0.0
KR_Trade_Balance,0.0,0.0052898303,0.0,0.0,0.00090855674,0.0014571485,0.0,0.0,0.0,0.0,0.0013977907,0.0,0.0,0.0,0.0,0.0,8.128779e-05,0.0,0.0,0.0015048549,0.00087931496,0.0,0.0,0.0,0.0014269619,0.000982295,0.0,0.00056981744,0.00082027755,0.0022345455,0.0,0.0,0.0004900777
JP_Trade_Balance,0.0017967687,0.0,0.0013881333,0.0,0.002562721,0.0,0.0027537982,0.0035145627,0.005735833,0.00035911932,0.0,0.0,0.00046886678,0.0013310031,0.001108924,0.0,0.0,0.0,0.00017386582,0.0,0.0,0.0025317082,0.0015690987,0.0,0.0,0.0017884377,0.0,0.0002157635,0.0,0.0,0.00077462406,0.0,0.0
