Date,Country,Forecast_Smoothed,CI_Lower,CI_Upper,CI_95_Width,Normalized_Index,Forecast_Raw,CI_95_Width_Raw
2026-01,US Dollar Index,123.89367171759136,123.8202869408799,123.96705649430282,0.07338477671146393,1.3748974976808284,122.86435,0.07338478
2026-02,US Dollar Index,123.4639109615913,123.35940895273595,123.56841297044664,0.10450200885534286,1.3701282711349174,122.461136,0.17710888
2026-03,US Dollar Index,123.11198742897326,122.98223856941874,123.24173628852779,0.1297488595545292,1.3662228353070534,122.29083,0.18865818
2026-04,US Dollar Index,122.84063790438285,122.68437967597653,122.99689613278916,0.1562582284063101,1.363211561388183,122.20749,0.21811342
2026-05,US Dollar Index,122.6159787291129,122.43803301780865,122.79392444041714,0.17794571130424738,1.360718428901047,122.091774,0.22854984
2026-06,US Dollar Index,122.35561519460754,122.16253310075015,122.54869728846492,0.19308209385737776,1.3578290708965903,121.7481,0.22840032
2026-07,US Dollar Index,121.96185788231902,121.75837596547035,122.1653397991677,0.2034819168486744,1.3534593889277402,121.04309,0.22774817
2026-08,US Dollar Index,121.43537098271119,121.21332175238925,121.65742021303313,0.22204923032194224,1.347616753781027,120.2069,0.26537296
2026-09,US Dollar Index,120.82849320840563,120.58832742465334,121.06865899215792,0.2401657837522913,1.3408819890289356,119.412445,0.28243774
2026-10,US Dollar Index,120.23140398611831,119.96630980059462,120.496498171642,0.265094185523691,1.334255851743358,118.838196,0.32326046
2026-11,US Dollar Index,119.74888540869101,119.44323716004162,120.0545336573404,0.3056482486493901,1.3289011506073587,118.62301,0.4002744
2026-12,US Dollar Index,119.36014584199191,118.98438968666025,119.73590199732357,0.3757561553316574,1.3245871525629516,118.45309,0.5393413
2026-01,KRW/USD,1451.121516028309,1447.4158144387247,1454.8272176178934,3.7057015895843506,1.2955633001635867,1461.5033,3.7057016
2026-02,KRW/USD,1455.5765651260663,1451.3371117388058,1459.8160185133268,4.239453387260436,1.2995407741709175,1465.9717,5.4848742
2026-03,KRW/USD,1459.1508490062151,1454.0397114706432,1464.261986541787,5.111137535572051,1.3027318997715918,1467.4908,7.145067
2026-04,KRW/USD,1462.2378696949754,1455.740224691895,1468.7355146980558,6.4976450030803665,1.3054879961198493,1469.4409,9.732829
2026-05,KRW/USD,1464.5342456028889,1456.473637669153,1472.5948535366247,8.060607933735845,1.3075382037122605,1469.8925,11.707521
2026-06,KRW/USD,1466.1374606915535,1456.2692289970387,1476.0056923860684,9.868231694514748,1.3089695563648125,1469.8783,14.08602
2026-07,KRW/USD,1467.405682933306,1455.8436169103231,1478.967748956289,11.562066022982833,1.31010182693948,1470.3649,15.514346
2026-08,KRW/USD,1468.272784205658,1454.891261779548,1481.654306631768,13.381522426109957,1.3108759761568791,1470.296,17.62692
2026-09,KRW/USD,1468.984967498648,1454.0339403135547,1483.9359946837415,14.951027185093375,1.3115118143876519,1470.6467,18.613205
2026-10,KRW/USD,1469.7364010771785,1453.331950281866,1486.1408518724909,16.40445079531243,1.3121826953277396,1471.4897,19.795773
2026-11,KRW/USD,1470.3393088790249,1452.5827521983438,1488.095865559706,17.756556680681104,1.3127209722486086,1471.7461,20.91147
2026-12,KRW/USD,1470.9064371137547,1451.930375460044,1489.8824987674654,18.97606165371066,1.3132273051223802,1472.2297,21.821573
2026-01,JPY/USD,148.14134638418082,147.8810364197624,148.40165634859923,0.26030996441841125,1.793237806316193,148.30267,0.26030996
2026-02,JPY/USD,148.44830312566486,148.14032036499705,148.75628588633268,0.3079827606678009,1.7969534903380278,149.16454,0.4192193
2026-03,JPY/USD,148.90397942429354,148.4262334555941,149.381725392993,0.47774596869945524,1.8024694113559456,149.96722,0.8738601
2026-04,JPY/USD,149.59425868050158,148.74557921443284,150.44293814657033,0.8486794660687447,1.8108251802844795,151.20491,1.714191
2026-05,JPY/USD,150.57484643279642,149.0634698431465,152.08622302244635,1.5113765896499156,1.8226951077068043,152.86288,3.0576699
2026-06,JPY/USD,152.0194884502231,149.36722680852222,154.67175009192397,2.6522616417008633,1.8401823706855283,155.39032,5.314327
2026-07,JPY/USD,154.11894739611319,149.7010225797473,158.53687221247907,4.417924816365897,1.8655961342732803,159.01768,8.537806
2026-08,JPY/USD,156.9932943052089,150.09280950241734,163.89377910800047,6.900484802791577,1.9003898476535506,163.7001,12.693125
2026-09,JPY/USD,160.67534599167357,150.46552245308374,170.8851695302634,10.209823538589845,1.9449607554395203,169.2668,17.931614
2026-10,JPY/USD,165.00427753352696,150.94617955230265,179.06237551475127,14.058097981224318,1.9973620862717283,175.10512,23.037405
2026-11,JPY/USD,169.59513294534386,151.2689254943511,187.92134039633663,18.326207450992765,2.052933982226094,180.30713,28.28513
2026-12,JPY/USD,174.0727454054907,151.58809068051843,196.55740013046298,22.48465472497228,2.107135082334532,184.52051,32.1877
