Country,Series,2026-01,2026-02,2026-03,2026-04,2026-05,2026-06,2026-07,2026-08,2026-09,2026-10,2026-11,2026-12
US Dollar Index,Forecast_Smoothed,123.88682128424173,123.46179586454538,123.10749248726184,122.83387740099539,122.60663898538427,122.3458776059311,121.95929419475723,121.43652897710155,120.83141409500624,120.23950253129928,119.76153299749544,119.38241620737766
US Dollar Index,CI_Lower,123.78487211400991,123.34861491277125,122.96806292889529,122.6846965701442,122.43910830028281,122.16749481474557,121.77958584905305,121.25162107950892,120.63468155358744,120.03463588422694,119.52028605626336,119.07287309070843
US Dollar Index,CI_Upper,123.98877045447355,123.5749768163195,123.24692204562838,122.98305823184658,122.77416967048572,122.52426039711662,122.13900254046142,121.62143687469417,121.02814663642503,120.44436917837162,120.00277993872751,119.69195932404689
US Dollar Index,Forecast_Raw,122.84151458740234,122.4700698852539,122.2807846069336,122.19544219970703,122.076416015625,121.73743438720703,121.05726623535156,120.21674346923828,119.41947937011719,118.8583755493164,118.64627075195312,118.49781036376953
KRW/USD,Forecast_Smoothed,1451.4397533329966,1456.3238917862225,1460.4846221995745,1463.922829289702,1466.4087490574789,1467.9582068597665,1469.1814015401178,1469.903860960895,1470.551086461689,1470.965692163807,1471.377461565446,1471.6041767090935
KRW/USD,CI_Lower,1448.3717980774882,1452.975589111929,1456.085186224023,1458.0516636476789,1458.9164847209167,1458.8844836405792,1458.4872645593002,1457.5471467454652,1456.2884743328486,1454.9417744478496,1453.3141653617859,1451.6109422501372
KRW/USD,CI_Upper,1454.507708588505,1459.672194460516,1464.884058175126,1469.793994931725,1473.901013394041,1477.0319300789538,1479.8755385209354,1482.2605751763247,1484.8136985905294,1486.9896098797644,1489.4407577691063,1491.5974111680498
KRW/USD,Forecast_Raw,1462.5640869140625,1467.72021484375,1470.1929931640625,1471.9453125,1472.209228515625,1471.5736083984375,1472.0355224609375,1471.589599609375,1472.061279296875,1471.93310546875,1472.3382568359375,1472.1331787109375
JPY/USD,Forecast_Smoothed,148.14959070791127,148.48671727971757,149.00644153672027,149.77608347755967,150.9304791984519,152.66838408393585,155.21565480846212,158.73269359541567,163.2772943913027,168.63182122283766,174.33408698977541,179.9008881755576
JPY/USD,CI_Lower,147.8309998880756,148.12854569153512,148.4225069155054,148.79640807199775,149.14749781928268,149.51440465101862,149.8958292579103,150.2913856906507,150.70741160332855,150.9734018140414,151.10137486113757,151.0136126255746
JPY/USD,CI_Upper,148.46818152774694,148.8448888679,149.59037615793514,150.7557588831216,152.71346057762113,155.82236351685307,160.53548035901395,167.17400150018062,175.84717717927683,186.2902406316339,197.56679911841326,208.7881637255406
JPY/USD,Forecast_Raw,148.3301544189453,149.27334594726562,150.21913146972656,151.57191467285156,153.6240692138672,156.72349548339844,161.15928649902344,166.93911743164062,173.88136291503906,181.12571716308594,187.63937377929688,192.8900909423828
